"","time","S","I1","R1","I2","R2","I.total","total.birds","I.Prop","B"
"1",0,99,1,0,0,0,1,100,0.01,"0.004125"
"2",1,100.060103126706,1.11421524269175,0.0347709415770825,7.13926493634818e-05,1.33152894744536e-06,1.11428663534111,101.209162035153,0.0110097407481161,"0.004125"
"3",2,101.081383897748,1.24688520821984,0.0727362717301636,0.000299578784148713,1.09963884839187e-05,1.24718478700399,102.401315952871,0.012179382417097,"0.004125"
"4",3,102.054030653977,1.40123822779868,0.114430576717232,0.000714425121644935,3.85305595999833e-05,1.40195265292032,103.570452414174,0.0135362221583621,"0.004125"
"5",4,102.966480019411,1.5810493916585,0.160472410652991,0.00136030881621752,9.5458225398128e-05,1.58240970047472,104.709457588764,0.0151123856136231,"0.004125"
"6",5,103.805165423813,1.79069964075046,0.211573860951449,0.0023001767746025,0.000196196698093586,1.79299981752507,105.809935298987,0.0169454769295396,"0.004125"
"7",6,104.554255721551,2.03522321553989,0.268549352566806,0.00362118572797581,0.000359220707960861,2.03884440126787,106.862008696094,0.0190792258740537,"0.004125"
"8",7,105.195381458299,2.32033658337007,0.332323456795032,0.00544236659057263,0.000608629557580269,2.32577894996064,107.854092494612,0.021564123309246,"0.004125"
"9",8,105.707428563362,2.65241871892528,0.40393377348066,0.00792403160168404,0.000976050809878763,2.66034275052696,108.77268113818,0.0244578208672395,"0.004125"
"10",9,106.066383149152,3.03842517409919,0.484528229947674,0.0112807018072578,0.00150331205724737,3.04970587590644,109.602120567063,0.0278252451697811,"0.004125"
"11",10,106.245341326575,3.48569593810079,0.575351830684339,0.0157963257426734,0.00224574192228846,3.50149226384346,110.324431163025,0.0317381402009618,"0.004125"
"12",11,106.21474674154,4.00160494652432,0.677718093954844,0.0218429963166736,0.00327665622603648,4.023447942841,110.919189434561,0.0362736868467173,"0.004125"
"13",12,105.942955114522,4.59303327489604,0.792962453468265,0.0299006693897128,0.00469246747286257,4.62293394428575,111.363543979749,0.0415120943450435,"0.004125"
"14",13,105.397268966317,5.26557204932262,0.922368307397107,0.0405784220214106,0.00661932087817135,5.30615047134403,111.632407065936,0.0475323484533476,"0.004125"
"15",14,104.545502554912,6.02248821130488,1.06706671672865,0.0546308916239912,0.00922045741612354,6.07711910292887,111.698908831986,0.0544062530822918,"0.004125"
"16",15,103.358190097674,6.8634242228994,1.2279050792743,0.0729660683953132,0.0127043449054131,6.93639029129471,111.535189813148,0.0621901509551833,"0.004125"
"17",16,101.811420440428,7.78292930030458,1.40529019807069,0.0966348700910788,0.0173327081209291,7.87956417039566,111.113607517015,0.0709144842515262,"0.004125"
"18",17,99.8901815314133,8.76899177184537,1.59901655037358,0.126791659972141,0.0234272056138836,8.89578343181751,110.408408719218,0.0805716116644751,"0.004125"
"19",18,97.5917310965737,9.80193514204102,1.80811032624143,0.164616091858425,0.0313725127917267,9.96655123389944,109.397765169506,0.0911037919143666,"0.004125"
"20",19,94.9286828525545,10.8539450125475,2.03070855036069,0.21118903844416,0.0416138932491149,11.0651340509916,108.066139347156,0.102392239769439,"0.004125"
"21",20,91.9309882142991,11.8896965661416,2.26401720163316,0.26732427388753,0.0546464528941687,12.1570208400291,106.406672708856,0.114250549618185,"0.004125"
"22",21,88.6462404640651,12.8682973634763,2.50437414670552,0.333373098331551,0.0709941619768444,13.2016704618079,104.423279234555,0.126424591897313,"0.004125"
"23",22,85.1378495148186,13.7465606517713,2.74743182901914,0.409032719581889,0.0911779641682571,14.1555933713532,102.132052679359,0.138600889730419,"0.004125"
"24",23,81.4810656348241,14.4832372993035,2.98844770969682,0.493203242767753,0.115674501301414,14.9764405420713,99.5616283878936,0.150423820748721,"0.004125"
"25",24,77.7573697685556,15.0434890528003,3.22264165398462,0.583937115287024,0.144869685723525,15.6274261680873,96.7523072763511,0.16151993278518,"0.004125"
"26",25,74.0481113714062,15.402751825939,3.44556347096286,0.678510884634091,0.179013204658447,16.0812627105731,93.7539507576007,0.171526240554395,"0.004125"
"27",26,70.4284781354388,15.5492035895131,3.65340884911099,0.773622909659438,0.218181153771492,16.3228264991726,90.6228946374939,0.180118132007,"0.004125"
"28",27,66.9627533658294,15.484401107285,3.84323632690009,0.865687320417051,0.262253181475275,16.350088427702,87.4183313019068,0.187032721675224,"0.004125"
"29",28,63.7013942025436,15.2221293736594,4.01306596074009,0.951171268896442,0.310907801776701,16.1733006425558,84.1986686076163,0.192084992672828,"0.004125"
"30",29,60.6800540434506,14.7858490804721,4.16186389292488,1.02691658687088,0.36363671631243,15.812765667343,81.0183203200309,0.195175185129497,"0.004125"
"31",30,57.9202544479199,14.2054002182487,4.28943945718704,1.09039279140796,0.419775431529086,15.2957930096566,77.9252623462927,0.196287988633051,"0.004125"
"32",31,55.4311784778696,13.5136163091023,4.39629050240001,1.13985262949367,0.478545011591762,14.653468938596,74.9594829304573,0.195485192343049,"0.004125"
"33",32,53.2120663260867,12.7433407713487,4.48342874198337,1.17438273561355,0.539099302392383,13.9177235069622,72.1523178774247,0.192893643841162,"0.004125"
"34",33,51.2547397056614,11.92514938582,4.55221152978808,1.19386236076945,0.60057183973505,13.1190117465894,69.526534821774,0.188690717583136,"0.004125"
"35",34,49.5459354843127,11.0858619030348,4.60419593485661,1.19885574841508,0.662117923556563,12.2847176514499,67.0969669941757,0.18308901581969,"0.004125"
"36",35,48.0692814283459,10.2477811846908,4.64102179924777,1.1904655203433,0.722949105091857,11.4382467050341,64.8714990377197,0.176321603087718,"0.004125"
"37",36,46.8068395390544,9.42852529117295,4.6643257761905,1.1701736484643,0.782358268385387,10.5986989396373,62.8522225232676,0.168628864885624,"0.004125"
"38",37,45.7402567071579,8.64124175551961,4.67568098580984,1.13969083777848,0.839735955805096,9.7809325932981,61.0366062420709,0.160246992673658,"0.004125"
"39",38,44.8515589242158,7.89510791964827,4.67655908953462,1.10082130756021,0.894578624274491,8.99592922720848,59.4186258652334,0.151399146247711,"0.004125"
"40",39,44.1236585721947,7.19593756658868,4.6683100987154,1.05535692954327,0.946489456802601,8.25129449613195,57.9897526238446,0.142288837644379,"0.004125"
"41",40,43.5406536616086,6.54681802611849,4.65215371588553,1.00499689351936,0.995174377941455,7.55181491963784,56.7397966750734,0.133095558358873,"0.004125"
"42",41,43.0879687258171,5.94871731550958,4.62917961526658,0.951293718132246,1.04043406304648,6.90001103364182,55.657593437772,0.123972500560169,"0.004125"
"43",42,42.7523956449222,5.40101819830156,4.60035278490642,0.89562120841603,1.08215376068485,6.29663940671759,54.731541597231,0.115045899000151,"0.004125"
"44",43,42.5220630257302,4.90197662201026,4.5665221849089,0.839159731798887,1.12029191285707,5.74113635380914,53.9500134773053,0.106415846517336,"0.004125"
"45",44,42.3863651123897,4.44909219986129,4.5284310437934,0.782895339134762,1.15486842267969,5.23198753899605,53.3016521178589,0.0981580744894596,"0.004125"
"46",45,42.3358675457964,4.03940096757048,4.48672773018739,0.727628279006464,1.18595327692819,4.76702924657694,52.7755777994889,0.0903264245573661,"0.004125"
"47",46,42.3622038445067,3.6696989516602,4.44197640798635,0.67398754395747,1.21365598508307,4.34368649561767,52.3615227331938,0.0829556947331491,"0.004125"
"48",47,42.457969772573,3.336707053238,4.39466721313733,0.622449140148111,1.23811601344107,3.95915619338611,52.0499091925375,0.0760646128841613,"0.004125"
"49",48,42.6166214992926,3.03718879881665,4.34522558626149,0.573355762181314,1.25949442247875,3.61054456099796,51.8318860690308,0.0696587532274893,"0.004125"
"50",49,42.8323800467704,2.76803053159084,4.29402072481792,0.526936605801021,1.27796669761944,3.29496713739186,51.6993346065996,0.0637332600596227,"0.004125"
"51",50,43.1001436325619,2.52629275277803,4.24137311291775,0.483326314636181,1.29371674266912,3.00961906741421,51.644852555563,0.0582752959586101,"0.004125"
"52",51,43.4154084269728,2.30923987779597,4.18756114695753,0.442582410733368,1.30693196900617,2.75182228852934,51.6617238314658,0.0532661724085419,"0.004125"
"53",52,43.7741976292981,2.11435412955019,4.13282692769978,0.404700926578885,1.31779936081159,2.51905505612907,51.7438789739385,0.0486831506659527,"0.004125"
"54",53,44.1729984755819,1.93933821427674,4.07738128358637,0.369630077672185,1.32650240781887,2.30896829194893,51.8858504589361,0.044500924077101,"0.004125"
"55",54,44.6087065775931,1.78211030883645,4.02140810643789,0.337281988926611,1.33321878470372,2.11939229776307,52.0827257664978,0.0406928068101682,"0.004125"
"56",55,45.0785769121004,1.64079402580134,3.96506808042568,0.307542577746027,1.33811866084198,1.94833660354737,52.3301002569154,0.0372316619685798,"0.004125"
"57",56,45.5801807736361,1.51370535485776,3.90850187811156,0.280279737389973,1.34136353628479,1.79398509224773,52.6240312802802,0.0340906055389944,"0.004125"
"58",57,46.1113680156758,1.39933800801055,3.85183289524259,0.255350004863292,1.34310550668161,1.65468801287384,52.9609944304738,0.0312435223444697,"0.004125"
"59",58,46.6702339538775,1.29634818692422,3.79516958770893,0.232603900804519,1.34348687304661,1.52895208772874,53.3378425023617,0.0286654280712805,"0.004125"
"60",59,47.2550903587179,1.20353946998179,3.73860746732356,0.211890126474014,1.34264002355281,1.4154295964558,53.75176744605,0.0263327079965594,"0.004125"
"61",60,47.8644400208945,1.11984827449075,3.68223080682752,0.19305879417146,1.3406875249055,1.31290706866221,54.2002654212898,0.0242232590275563,"0.004125"
"62",61,48.4969544314753,1.04433017876936,3.62611409755086,0.175963850130608,1.33774237150215,1.22029402889997,54.6811049294283,0.022316557620313,"0.004125"
"63",62,49.1514541716743,0.976147261167178,3.57032329755572,0.160464832640409,1.33390834932746,1.13661209380759,55.1922979123651,0.020593672247753,"0.004125"
"64",63,49.8268916566505,0.914556525099919,3.51491690273254,0.146428090077139,1.32928047953433,1.06098461517706,55.7320736540944,0.019037235573938,"0.004125"
"65",64,50.5223359224055,0.858899419314065,3.45994686853502,0.133727565867853,1.32394551362007,0.992626985181918,56.2988552897425,0.0176313884194156,"0.004125"
"66",65,51.2369591840539,0.808592422206136,3.40545940600234,0.122245241503191,1.31798245787553,0.930837663709327,56.8912387116411,0.0163617049793444,"0.004125"
"67",66,51.9700249273233,0.763118633694363,3.35149567217144,0.111871313990293,1.31146310977136,0.874989947684656,57.5079736569507,0.015215106567729,"0.004125"
"68",67,52.7208773351016,0.722020311145563,3.29809237127238,0.102504169711004,1.3044525929809,0.824524480856567,58.1479467802114,0.0141797694761798,"0.004125"
"69",68,53.4889318413818,0.684892254312967,3.24528228286019,0.0940502107371904,1.29700988111571,0.778942465050158,58.8101664704079,0.0132450307795355,"0.004125"
"70",69,54.2736667142831,0.651376001422358,3.19309472495077,0.0864235653879068,1.28918830340401,0.737799566810264,59.4937493094481,0.0124012955205211,"0.004125"
"71",70,55.0746154225197,0.621154688660875,3.14155596969629,0.0795457350859852,1.28103602664312,0.70070042374686,60.1979078426059,0.0116399464509451,"0.004125"
"72",71,55.8913597932441,0.593948593563828,3.09068961104799,0.073345182141518,1.2725965108979,0.667293775705346,60.9219396908954,0.0109532588602899,"0.004125"
"73",72,56.7235237689461,0.569511236447443,3.04051689802755,0.0677568932244948,1.2639089366894,0.637268129671937,61.665217733335,0.0103343205958947,"0.004125"
"74",73,57.5707676723298,0.547625982664341,2.99105703961338,0.0627219348738609,1.25500860255539,0.610347917538202,62.4271812320368,0.0097769578169738,"0.004125"
"75",74,58.4327829131126,0.528103112441006,2.94232748429119,0.0581870067230563,1.24592729404778,0.586290119164062,63.2073278106156,0.00927566691192402,"0.004125"
"76",75,59.3092870465565,0.510777301540607,2.89434418045369,0.0541040054333719,1.23669362393797,0.564881306973979,64.0052061579222,0.00882555249615521,"0.004125"
"77",76,60.2000191100644,0.495505473343779,2.84712182165705,0.0504296052931448,1.22733334483791,0.545935078636924,64.8204093551963,0.00842227138130777,"0.004125"
"78",77,61.1047351680828,0.482164988656488,2.80067408041184,0.0471248595694895,1.21786963571324,0.529289848225978,65.6525687324338,0.00806198231760118,"0.004125"
"79",78,62.0232039977543,0.470652144059063,2.75501383413829,0.0441548260843778,1.20832336367344,0.514806970143441,66.5013481657094,0.00774130125694045,"0.004125"
"80",79,62.9552028494647,0.460880954056948,2.71015338655796,0.0414882184263165,1.198713322907,0.502369172483264,67.3664387314129,0.00745726183457891,"0.004125"
"81",80,63.9005132184696,0.452782199758928,2.66610468762546,0.039097083733461,1.18905645240304,0.491879283492389,68.2475536419905,0.00720728080705521,"0.004125"
"82",81,64.8589165576131,0.446302745954427,2.62287955530711,0.0369565088751881,1.17936803303275,0.483259254829615,69.1444234007825,0.00698912842223724,"0.004125"
"83",82,65.8301898592533,0.441405086714937,2.5804899027693,0.0350443512454499,1.16966186836889,0.476449437960386,70.0567910683518,0.00680090296307652,"0.004125"
"84",83,66.8141010401885,0.438067140060882,2.5389479737181,0.0333409961925742,1.1599504489132,0.471408136253456,70.9844075990733,0.00664100965547271,"0.004125"
"85",84,67.8104040430338,0.436282295916613,2.4982665899299,0.0318291406535453,1.15024510119557,0.468111436570158,71.9270271707295,0.00650814380884985,"0.004125"
"86",85,68.8188335658471,0.43605971897252,2.45845941509538,0.0304936009267812,1.1405561240598,0.466553319899301,72.8844024249016,0.00640127797411836,"0.004125"
"87",86,69.8390993175502,0.437424920234208,2.41954123945867,0.0293211441621421,1.13089291353618,0.46674606439635,73.8562795349414,0.00631965307940448,"0.004125"
"88",87,70.8708796948027,0.440420616536882,2.38152828993625,0.0283003426170705,1.12126407771273,0.468720959153953,74.8423930216056,0.00626277354625261,"0.004125"
"89",88,71.9138147400315,0.445107913899977,2.3444385719479,0.027421450876572,1.11167754255793,0.472529364776548,75.8424602193139,0.00623040660086887,"0.004125"
"90",89,72.9674982583737,0.451567832842477,2.30829224836356,0.0266763039587975,1.1021406509299,0.478244136801275,76.8561752944684,0.00622258569293775,"0.004125"
"91",90,74.0314688836682,0.459903244174459,2.27311206475975,0.0260582384107854,1.09266025495735,0.485961482585244,77.8832026859706,0.00623961863182063,"0.004125"
"92",91,75.1051999182692,0.470241254939052,2.23892382872316,0.0255620351306017,1.0832428038144,0.495803290069653,78.9231698408764,0.0062821005677963,"0.004125"
"93",92,76.1880877278404,0.482736108213508,2.20575695262155,0.025183884373754,1.07389442815648,0.507919992587263,79.9756591012057,0.00635093224983007,"0.004125"
"94",93,77.2794384175589,0.497572679455233,2.17364507159199,0.0249213744678517,1.0646210223211,0.522494053923085,81.0401985653951,0.00644734419673787,"0.004125"
"95",94,78.3784523619225,0.514970702020126,2.14262675514573,0.0247735070526487,1.05542832572597,0.539744209072775,82.116251651867,0.00657292799190382,"0.004125"
"96",95,79.4842064339066,0.535189758023736,2.11274631872575,0.0247407382545703,1.04632200521917,0.559930496278307,83.2032052541298,0.00672967459087779,"0.004125"
"97",96,80.595633373008,0.558535219177326,2.08405475848166,0.0248250508481156,1.0373077396882,0.583360270025442,84.3003561412033,0.00692002141780174,"0.004125"
"98",97,81.7114977526622,0.585365295741646,2.05661083166506,0.0250300617922673,1.02839130888489,0.610395357533913,85.4068952507461,0.00714690957611623,"0.004125"
"99",98,82.8303680222679,0.616099355412837,2.03048230386968,0.0253611699154192,1.01957868850019,0.641460525328256,86.521889539966,0.00741385247986238,"0.004125"
"100",99,83.9505839543128,0.651227709947584,2.00574738938762,0.0258257504223463,1.01087615395139,0.67705346036993,87.6442609580218,0.00772501762202334,"0.004125"
"101",100,85.0702187218935,0.691323096306719,1.98249641479406,0.0264334052070115,1.00229039557167,0.71775650151373,88.7727620337729,0.00808532352796081,"0.004125"
"102",0,99,1,0,0,0,1,100,0.01,"0.0055"
"103",1,99.8728219434365,1.27704714613851,0.0372720894982719,0.000109708263719843,1.97674251059453e-06,1.27715685440223,101.18725286408,0.0126217168492337,"0.0055"
"104",2,100.579045904312,1.63813166382284,0.0839146176177777,0.000536850923710657,1.82875308221405e-05,1.63866851474655,102.301647324207,0.0160180071153048,"0.0055"
"105",3,101.061656729774,2.10862670997554,0.142611348390253,0.00150986374614978,7.25493087969753e-05,2.11013657372169,103.314477201194,0.0204244035384548,"0.0055"
"106",4,101.248030080415,2.72005568838566,0.216707560663041,0.00342295437689176,0.000205362787820298,2.72347864276255,104.188421646629,0.0261399357022573,"0.0055"
"107",5,101.047915627971,3.51002626611305,0.310255042827228,0.00694084404319652,0.000486080266615925,3.51696711015625,104.875623861222,0.0335346478111075,"0.0055"
"108",6,100.353169639568,4.52057923440375,0.427951687214666,0.0131611398859376,0.00103214311416999,4.53374037428969,105.315893844186,0.0430489663886564,"0.0055"
"109",7,99.0413090358966,5.79366904479922,0.574878330485083,0.0238414766307577,0.00203926356468864,5.81751052142998,105.435737151376,0.055175888921587,"0.0055"
"110",8,96.9853122431729,7.36244481970462,0.755927069548184,0.041678215590511,0.00382535010768934,7.40412303529513,105.149187698124,0.0704154087861512,"0.0055"
"111",9,94.0721988690194,9.23734218195242,0.974824498399334,0.0705736037339843,0.00689019379842454,9.30791578568641,104.361829346904,0.0891888906503014,"0.0055"
"112",10,90.2308498800244,11.3881427046387,1.2327764738019,0.115726673396088,0.011985644849893,11.5038693780348,102.979481376711,0.111710306016713,"0.0055"
"113",11,85.4647407910097,13.7269721210588,1.52700226407358,0.18328510482945,0.0201790556439355,13.9102572258883,100.922179336616,0.137831518476152,"0.0055"
"114",12,79.8790123337136,16.1013500347267,1.84970930990958,0.279279823415794,0.0328775648287283,16.3806298581425,98.1422290665944,0.166907049227784,"0.0055"
"115",13,73.6866112495352,18.3075474168224,2.18821881558533,0.407801549198371,0.051769444230668,18.7153489660208,94.641948475372,0.197748982005489,"0.0055"
"116",14,67.1833884310294,20.1273280710689,2.52661509855501,0.568868394042164,0.0786513018323396,20.6961964651111,90.4848512965279,0.228725539894933,"0.0055"
"117",15,60.6955851905225,21.3781619869067,2.8485839564312,0.756932665210633,0.1151496367369,22.1350946521174,85.794413435808,0.258001585017875,"0.0055"
"118",16,54.5189888873793,21.9563217180601,3.1403895206266,0.960955622762762,0.162402056281072,22.9172773408228,80.7390578051098,0.283843754978429,"0.0055"
"119",17,48.8731991262677,21.8546132724803,3.39286489603595,1.16627085096621,0.220797730016926,23.0208841234465,75.5077458757671,0.304881093408917,"0.0055"
"120",18,43.8841410426707,21.1506245042786,3.60190107300269,1.3575230637164,0.289860947454173,22.508147567995,70.2840506311225,0.320245452074559,"0.0055"
"121",19,39.5925172976698,19.975807524981,3.76768775934924,1.52151833952477,0.368304451330063,21.4973258645058,65.2258353728548,0.329582990261745,"0.0055"
"122",20,35.9765490884817,18.4807482470664,3.89335730086951,1.64909084515471,0.454217702139487,20.1298390922211,60.4539631837118,0.33297798906995,"0.0055"
"123",21,32.9772258908354,16.8078707346036,3.9836208629382,1.73570237644975,0.545323148938249,18.5435731110533,56.0497430137652,0.330841358300238,"0.0055"
"124",22,30.5189242641733,15.0755985782248,4.043717940387,1.78102552214885,0.639232642714709,16.8566241003737,52.0584989476487,0.323801577861957,"0.0055"
"125",23,28.523261297268,13.372700886619,4.07874735595277,1.78795646982516,0.733659632334123,15.1606573564441,48.496325641999,0.312614556994698,"0.0055"
"126",24,26.9169415598175,11.7593849897517,4.09331452444002,1.76147096224499,0.826567543745697,13.5208559519967,45.3576795799999,0.29809408411533,"0.0055"
"127",25,25.6353298145924,10.2718275824008,4.0913937901811,1.70758683883629,0.916254562291184,11.9794144212371,42.6223925883018,0.281059173213214,"0.0055"
"128",26,24.6233864893772,8.9277874657889,4.0763178711047,1.63255908090717,1.0013848998088,10.5603465466961,40.2614358069868,0.262294335386407,"0.0055"
"129",27,23.8352329495293,7.73191828476764,4.05082973214687,1.54232815185784,1.08098189766859,9.27424643662548,38.2412910159703,0.242519177314186,"0.0055"
"130",28,23.2330961950524,6.68020869728581,4.01715980807375,1.44219116990279,1.1543964819803,8.1223998671886,36.5270523522951,0.222366693836938,"0.0055"
"131",29,22.7860797694919,5.7634076993686,3.97710752048855,1.33664284988274,1.22126261773384,7.10005054925134,35.0845004569656,0.202370005466095,"0.0055"
"132",30,22.4689715445611,4.96945559022994,3.93211740839442,1.22934444221585,1.28144729273229,6.19880003244579,33.8813362781336,0.182956185126806,"0.0055"
"133",31,22.2612056522649,4.28521513059015,3.88334428334749,1.12315451776942,1.33500279960577,5.40836964835957,32.8879223835777,0.164448504386528,"0.0055"
"134",32,22.1459707643007,3.69754686807942,3.83170984839574,1.02021541606293,1.38212128990813,4.71776228414235,32.0775641867469,0.147073582541268,"0.0055"
"135",33,22.109484411303,3.19397219804974,3.77794860107175,0.922054270445282,1.42309582251103,4.11602646849502,31.4265553033808,0.130972880379678,"0.0055"
"136",34,22.1404073263063,2.76303974591933,3.72264506066622,0.829687172853737,1.45828781829426,3.59272691877306,30.9140671240398,0.116216572357095,"0.0055"
"137",35,22.229372954019,2.39448174412911,3.66626427394232,0.743720114789755,1.48810027089535,3.13820185891886,30.5219393577756,0.10281790492187,"0.0055"
"138",36,22.3686128503194,2.0792523626877,3.60917594843752,0.664437571407577,1.51295696405495,2.74368993409528,30.2344356969072,0.0907471851500752,"0.0055"
"139",37,22.5516570404255,1.80947871140418,3.55167416668317,0.591880717289739,1.5332862577825,2.40135942869392,30.0379768935851,0.07994411332032,"0.0055"
"140",38,22.7730954393777,1.57837291594795,3.49399296430841,0.525912002121967,1.54950922614674,2.10428491806992,29.9208825479028,0.0703283038092542,"0.0055"
"141",39,23.0283874275197,1.38012389818761,3.43631867000329,0.466267659127604,1.56203125058481,1.84639155731521,29.873128905423,0.0618077725691476,"0.0055"
"142",40,23.3137082673585,1.20978162012109,3.37879989404798,0.41260003751203,1.57123623223673,1.62238165763312,29.8861260512763,0.0542854451878295,"0.0055"
"143",41,23.6258259469844,1.06314566546798,3.32155531147617,0.364510200997316,1.57748307967328,1.42765586646529,29.9525202045992,0.0476639647252814,"0.0055"
"144",42,23.9620012433969,0.936660809408204,3.26467989160873,0.321572994870208,1.58110379856999,1.25823380427841,30.066018737854,0.0418490327984216,"0.0055"
"145",43,24.3199064930142,0.827322842742106,3.20824981851323,0.283355731435379,1.58240282281748,1.11067857417748,30.2212377085224,0.0367515912117746,"0.0055"
"146",44,24.6975593569128,0.732595577507398,3.15232634241249,0.249431633879289,1.58165728138646,0.982027211386688,30.4135701920985,0.0322891132209733,"0.0055"
"147",45,25.0932683891572,0.650338434000873,3.09695883571401,0.219389312776901,1.57911787780879,0.869727746777774,30.6390728494577,0.028386229278252,"0.0055"
"148",46,25.5055882274801,0.57874428909439,3.04218717962161,0.192839024347576,1.57501021300474,0.771583313441966,30.8943689335484,0.0249748850705314,"0.0055"
"149",47,25.933282493323,0.516286476258416,2.98804363686248,0.169416509651103,1.5695363756263,0.685702985909519,31.1765654917213,0.02199417976594,"0.0055"
"150",48,26.3752929266699,0.46167385516863,2.9345543234833,0.14878503291244,1.56287667357596,0.61045888808107,31.4831828118102,0.0193899991538362,"0.0055"
"151",49,26.8307137306778,0.413813071850856,2.88174035037213,0.130636024199606,1.55519143310599,0.544449096050461,31.8120946102064,0.0171145315239879,"0.0055"
"152",50,27.2987698159261,0.371776560214219,2.8296187369048,0.114688857313998,1.54662277537954,0.486465417528217,32.1614767457387,0.0151257176831183,"0.0055"
"153",51,27.7787987459844,0.334776057441835,2.77820310800606,0.100689866712757,1.53729635106594,0.435465924154592,32.5297641292109,0.013386691721,"0.0055"
"154",52,28.2702354532773,0.302140412852191,2.72750424430702,0.0884109354217506,1.52732299038166,0.390551348273941,32.9156140362399,0.0118652305208084,"0.0055"
"155",53,28.7725991931176,0.273296904126974,2.67753052972193,0.077647862262495,1.516800240257,0.350944766389469,33.317874729486,0.0105332278615864,"0.0055"
"156",54,29.2854825043071,0.247755731485713,2.62828829772062,0.0682185504304448,1.505813795905,0.315974281916158,33.7355588798489,0.00936620860622225,"0.0055"
"157",55,29.8085417903079,0.225097063534327,2.57978210999074,0.0599611505409386,1.49443881329789,0.285058214075266,34.1678209276718,0.00834288539145332,"0.0055"
"158",56,30.341489256239,0.204960207295855,2.53201498335488,0.0527322244256007,1.48274110294949,0.257692431721456,34.6139377742649,0.00744475920081673,"0.0055"
"159",57,30.8840859943974,0.187034564238314,2.4849885745391,0.046404966623303,1.47077821081684,0.233439530861617,35.073292310615,0.00665576327406726,"0.0055"
"160",58,31.4361360329343,0.171052057976064,2.43870333420732,0.0408675195201536,1.45860039023469,0.211919577496217,35.5453593348726,0.0059619478171461,"0.0055"
"161",59,31.9974812015799,0.156780788978458,2.39315863688528,0.03602139843319,1.44625147222437,0.192802187411648,36.0296934981012,0.00535120254136518,"0.0055"
"162",60,32.5679966805139,0.14401969333847,2.34835289240923,0.0317800337089331,1.43376964339966,0.175799727047403,36.5259189433702,0.00481301311871066,"0.0055"
"163",61,33.1475871833676,0.132594110378164,2.30428364177637,0.0280674441118437,1.42118813149057,0.160661554490008,37.0337205111245,0.00433825044507065,"0.0055"
"164",62,33.7361835863692,0.122351981743975,2.26094764397795,0.0248170224061459,1.40853581944116,0.147169004150121,37.5528360539384,0.00391898507848346,"0.0055"
"165",63,34.3337400030398,0.113160652286884,2.21834095319298,0.0219704404848096,1.39583778715175,0.135131092771694,38.0830498361562,0.00354832644320938,"0.0055"
"166",64,34.9402312550227,0.104904190421244,2.17645898700721,0.0194766688965844,1.38311578690799,0.124380859317829,38.6241868882558,0.00322028421407748,"0.0055"
"167",65,35.5556506477178,0.0974811101154194,2.13529659039342,0.0172910999534377,1.3703886622517,0.114772210068857,39.1761081104318,0.00292964808411624,"0.0055"
"168",66,36.1800080159324,0.0908024280715835,2.09484809463464,0.015374765946429,1.35767271674282,0.106177194018012,39.7387060213279,0.00267188352738579,"0.0055"
"169",67,36.8133280089716,0.0847900122168171,2.05510737185412,0.013693645473137,1.34498203729564,0.0984836576899541,40.3119010758113,0.00244304175843119,"0.0055"
"170",68,37.4556485797019,0.0793751727882731,2.01606788599698,0.0122180496939217,1.33232877744007,0.0915932224821948,40.8956384656212,0.00223968192987603,"0.0055"
"171",69,38.1070196505509,0.0744974582791095,1.97772274056521,0.0109220805654375,1.3197234052312,0.085419538844547,41.4898853351919,0.00205880392665472,"0.0055"
"172",70,38.7675019323598,0.0701036244594839,1.94006472345811,0.00978315371794531,1.3071749199986,0.0798867781774292,42.094628353994,0.0018977903191263,"0.0055"
"173",71,39.4371658751494,0.0661467501386568,1.90308634921853,0.00878157907858807,1.29469104169962,0.0749283292172449,42.7098715952848,0.00175435622769508,"0.0055"
"174",72,40.1160907329807,0.0625854779583891,1.86677989887693,0.00790019286589896,1.28227837622422,0.0704856708242881,43.3356346789062,0.00162650602319659,"0.0055"
"175",73,40.8043637270286,0.0593833619336302,1.83113745760968,0.00712403517118156,1.26994255961652,0.0665073971048118,43.9719511413596,0.00151249592930289,"0.0055"
"176",74,41.5020792929474,0.0565083065796949,1.79615095039467,0.0064400678504809,1.25768838384425,0.0629483744301758,44.6188670016165,0.00141080172268595,"0.0055"
"177",75,42.2093384001412,0.0539320849613489,1.76181217584725,0.00583692798242766,1.24551990643626,0.0597690129437765,45.2764394953685,0.00132009083774996,"0.0055"
"178",76,42.9262479318113,0.0516299251074219,1.72811283842172,0.00530471264198887,1.23344054603065,0.0569346377494108,45.9447359540131,0.00123919827956782,"0.0055"
"179",77,43.6529201156959,0.0495801560311504,1.69504457916725,0.00483479119077313,1.22145316563099,0.0544149472219236,46.6238328077161,0.00116710583289751,"0.0055"
"180",78,44.3894719962162,0.0477639060977169,1.66259900523943,0.00441964171228694,1.20956014514691,0.0521835478100038,47.3138146944126,0.00110292412791155,"0.0055"
"181",79,45.1360249393527,0.0461648477807282,1.63076771838164,0.00405270860409658,1.197763444601,0.0502175563848248,48.0147736587202,0.00104587718650434,"0.0055"
"182",80,45.8927041619929,0.0447689839744521,1.59954234260828,0.00372827868839612,1.18606465921192,0.0484972626628482,48.7268084264759,0.000995289127873539,"0.0055"
"183",81,46.6596382776132,0.0435644720138412,1.56891455134741,0.0034413735057396,1.17446506741796,0.0470058455195808,49.4500237418982,0.000950572759376727,"0.0055"
"184",82,47.4369588508888,0.0425414828461225,1.53887609430403,0.00318765595963965,1.16296567267223,0.0457291388057622,50.1845297566708,0.000911219832635447,"0.0055"
"185",83,48.2247999516574,0.0416920915855335,1.50941882440193,0.00296334871899011,1.15156724017179,0.0446554403045236,50.9304414565357,0.000876792720177634,"0.0055"
"186",84,49.0232977018733,0.0410102006565374,1.4805347250762,0.00276516413836179,1.14027032865677,0.0437753647948992,51.6878781204011,0.000846917427968883,"0.0055"
"187",85,49.8325898048486,0.0404914933908454,1.45221593838785,0.00259024347888043,1.129075318263,0.0430817368697258,52.4569627983692,0.000821277759357147,"0.0055"
"188",86,50.6528150473296,0.0401334183571693,1.42445479435839,0.00243610410438521,1.11798243501307,0.0425695224615545,53.2378217991626,0.000799610521672847,"0.0055"
"189",87,51.4841127589494,0.039935206387755,1.39724384233152,0.00230059397896008,1.10699177231533,0.0422358003667151,54.030584173963,0.000781701716026758,"0.0055"
"190",88,52.3266222287595,0.0398979191352253,1.3705758842802,0.00218185252682935,1.09610330985322,0.0420797716620547,54.835381194555,0.00076738358967099,"0.0055"
"191",89,53.1804820677446,0.0400245365728394,1.3444440104883,0.00207827869917342,1.08531692951022,0.0421028152720129,55.6523458230151,0.000756532624984178,"0.0055"
"192",90,54.0458294566973,0.0403200855975779,1.31884164100299,0.00198850052035948,1.07463243097106,0.0423085861179374,56.4816121147893,0.000749068316817026,"0.0055"
"193",91,54.9227993154184,0.0407918138224257,1.2937625706696,0.00191135174383753,1.06404954453578,0.0427031655662632,57.32331459619,0.000744952832317576,"0.0055"
"194",92,55.8115233430743,0.0414494170044997,1.26920102040537,0.00184585211180187,1.05356794273281,0.0432952691163015,58.1775875753288,0.00074419155074525,"0.0055"
"195",93,56.7121289036332,0.0423053295216769,1.24515169590903,0.00179119082035611,1.04318725093722,0.044096520342033,59.0445643708215,0.000746834544583828,"0.0055"
"196",94,57.6247377227198,0.0433750886839118,1.22160985555132,0.00174671350872902,1.03290705700684,0.0451218021926409,59.9243764374706,0.000752979085893771,"0.0055"
"197",95,58.5494643541948,0.0446777877371701,1.19857138945415,0.00171191240001781,1.02272692018161,0.046389700137188,60.8171523639678,0.000762773302169149,"0.0055"
"198",96,59.4864143652183,0.0462366359068934,1.1760329122631,0.00168641948158517,1.01264637942845,0.0479230553884786,61.7230167122983,0.000776421146293874,"0.0055"
"199",97,60.4356822487877,0.0480796257164055,1.15399186901574,0.00167000274819269,1.00266496117024,0.0497496284645982,62.6420887074382,0.000794188531882252,"0.0055"
"200",98,61.3973486655955,0.0502404402134392,1.13244667406661,0.00166256511874084,0.992782187696605,0.05190300533218,63.5744805326909,0.000816412574625611,"0.0055"
"201",99,62.3714774489917,0.0527594601141965,1.11139686124716,0.0016641475765435,0.982997584417253,0.05442360769074,64.5202955023469,0.00084351144499579,"0.0055"
"202",100,63.3581119199795,0.055685037052449,1.09084326732102,0.00167493541721667,0.973310687519095,0.0573599724696656,65.4796258472893,0.000875997254526772,"0.0055"
"203",0,99,1,0,0,0,1,100,0.01,"0.006875"
"204",1,99.6598267252416,1.4632573675075,0.0400058153691782,0.000158470411466628,2.75307218278002e-06,1.46341583791897,101.163251131602,0.0144658838219348,"0.006875"
"205",2,99.9350076038058,2.14851778142966,0.0972803809546366,0.0009112693372429,2.87993558536808e-05,2.14942905076691,102.181745834883,0.0210353525789254,"0.006875"
"206",3,99.6376885739547,3.15577277415519,0.179409398019874,0.00305305138609247,0.000130938628779861,3.15882582554128,102.976054736145,0.0306753432497986,"0.006875"
"207",4,98.5116257585454,4.61550824745547,0.296476384351661,0.00831300649444883,0.000429440623891487,4.62382125394992,103.432352837471,0.0447038197150517,"0.006875"
"208",5,96.2341050938589,6.67773928659651,0.46072480788333,0.0202709105085794,0.00118756907856322,6.69801019710509,103.394027667926,0.0647814032220248,"0.006875"
"209",6,92.4534494335584,9.47287314500526,0.684674002370378,0.045815606877322,0.00295328123164453,9.51868875188258,102.659765469043,0.092720733467416,"0.006875"
"210",7,86.8875435114953,13.0304492044177,0.976766292551424,0.096829106755569,0.00679149342135205,13.1272783111732,100.998379608641,0.129975137839242,"0.006875"
"211",8,79.4849544987341,17.1672090750392,1.33477463411897,0.190652838927459,0.0145851697294986,17.3578619139667,98.1921762165493,0.176774388579456,"0.006875"
"212",9,70.5796752899369,21.4143114386646,1.74015883336526,0.346623787462211,0.0292621877861853,21.7609352261268,94.1100315372152,0.231228646624368,"0.006875"
"213",10,60.9024495426911,25.0915241129499,2.15899125226832,0.577080112357302,0.0546666949886148,25.6686042253072,88.7847117152553,0.289110633231878,"0.006875"
"214",11,51.3681483056307,27.5539224697959,2.55204145313831,0.87666985700792,0.0948422197884593,28.4305923268038,82.4456243053613,0.344840524483178,"0.006875"
"215",12,42.7544563633554,28.4600292271045,2.88834626992826,1.21866600240865,0.152876221413835,29.6786952295131,75.4743740842106,0.393228769229661,"0.006875"
"216",13,35.4935545351311,27.8649930174425,3.15300379629967,1.56281873334646,0.229876891026296,29.427811750789,68.304246973246,0.430834290030538,"0.006875"
"217",14,29.6712989835269,26.1094987106572,3.34602883165173,1.86927405459168,0.324618826087919,27.9787727652488,61.3207194065153,0.456269480137183,"0.006875"
"218",15,25.1514922138415,23.6333345441479,3.47637732923433,2.10947367568709,0.433925377054954,25.742808219835,54.8046031399657,0.469719818134442,"0.006875"
"219",16,21.7081468277104,20.8343286827618,3.55613563071822,2.2698826137742,0.553464234325351,23.104211296536,48.92195798929,0.472266692628983,"0.006875"
"220",17,19.1101321022116,18.0069072017386,3.59699810257779,2.35004061318669,0.678569605019082,20.3569478149253,43.7426476247337,0.465379873426196,"0.006875"
"221",18,17.1588110131158,15.3376193911571,3.60881030549353,2.35825465405912,0.804865273231302,17.6958740452162,39.2683606370568,0.450639490881036,"0.006875"
"222",19,15.6971470971077,12.9263089887472,3.5993065014297,2.30733315631469,0.928632044624117,15.2336421450619,35.4587277882235,0.429616150811855,"0.006875"
"223",20,14.6060733488335,10.8125045365198,3.57435277569448,2.21138692392227,1.04695875082904,13.0238914604421,32.2512763357991,0.403825613747431,"0.006875"
"224",21,13.7970401597694,8.99802814207256,3.53832320455238,2.08382731426418,1.15774598877246,11.0818554563367,29.574964809431,0.374703927045854,"0.006875"
"225",22,13.204593433386,7.46354043596127,3.49445599455066,1.93632469413043,1.25962539207713,9.3998651300917,27.3585399501055,0.343580656980763,"0.006875"
"226",23,12.7802689017315,6.17954010616609,3.44514253123937,1.77841892027859,1.35184077877291,7.95795902644468,25.5352112381885,0.311646492845274,"0.006875"
"227",24,12.4879578508357,5.11315606783843,3.3921472921419,1.61752165201959,1.43412059400738,6.73067771985802,24.044903456843,0.279921178803591,"0.006875"
"228",25,12.3005176263043,4.2320665176833,3.33677099377519,1.45912119193128,1.50655845673053,5.69118770961458,22.8350347864246,0.249230525061341,"0.006875"
"229",26,12.1973355546488,3.50652714750846,3.27997063578834,1.30707734491254,1.56950898269971,4.813604492421,21.8604196655578,0.220197259067495,"0.006875"
"230",27,12.1625910746868,2.9102542464985,3.22244739562881,1.16393110541683,1.62350224291891,4.07418535191533,21.0827260651499,0.193247559130887,"0.006875"
"231",28,12.1840115493679,2.42063579025709,3.16471179030872,1.03119416148444,1.6691759400628,3.45182995174152,20.469729231481,0.168630953184904,"0.006875"
"232",29,12.2519788238767,2.0185745249904,3.10713202583825,0.909600777522092,1.70722363430282,2.92817530251249,19.9945097865302,0.146448966930168,"0.006875"
"233",30,12.3588820676309,1.68815110629703,3.0499702320867,0.799317280944551,1.73835645242472,2.48746838724158,19.6346771393839,0.126687511568608,"0.006875"
"234",31,12.4986452614111,1.41621901996232,2.99340967520021,0.700110162034816,1.76327585538929,2.11632918199714,19.3716599739978,0.10924872648177,"0.006875"
"235",32,12.6663773510307,1.19199634886083,2.93757532027517,0.611477460532015,1.78265502909443,1.80347380939285,19.1900815097931,0.0939794762451892,"0.006875"
"236",33,12.8581119729244,1.00668218033303,2.88254935283591,0.532749001080229,1.79712700239271,1.53943118141326,19.0772195095663,0.080694735448282,"0.006875"
"237",34,13.0706111506917,0.853116322709748,2.82838288182935,0.463160998738175,1.80727777004698,1.31627732144792,19.0225491240159,0.0691956326603003,"0.006875"
"238",35,13.3012159933577,0.725485973342569,2.77510469735783,0.401910170692814,1.81364310840245,1.12739614403538,19.0173599431534,0.0592824738767836,"0.006875"
"239",36,13.5477316493703,0.619077353024653,2.72272786434767,0.348192033392581,1.81670798177121,0.967269386417234,19.0544368819064,0.050763472697308,"0.006875"
"240",37,13.8083382484312,0.530069457576789,2.67125457091627,0.301226838341333,1.81690777541103,0.831296295918122,19.1277968906766,0.0434601172664751,"0.006875"
"241",38,14.0815210827991,0.455363928088635,2.62067971431288,0.260276384033074,1.81463069207036,0.715640312121709,19.2324718013041,0.037210001892382,"0.006875"
"242",39,14.3660153276183,0.392446096492074,2.57099350342744,0.224654063041249,1.81022086132929,0.617100159533323,19.3643298519084,0.0318678810086737,"0.006875"
"243",40,14.6607622717143,0.339272322117301,2.52218329738701,0.193729841476035,1.80398186548363,0.533002163593335,19.5199295981782,0.0273055371902099,"0.006875"
"244",41,14.9648740833561,0.294178720528659,2.47423491197256,0.166931863622674,1.79618038169863,0.461110584151334,19.6963999611786,0.023410906818514,"0.006875"
"245",42,15.2776054130772,0.255807680236446,2.42713350242305,0.143745605580441,1.78704981683521,0.399553285816886,19.8913420181523,0.0200867938147293,"0.006875"
"246",43,15.5983303105681,0.223048761612998,2.38086414365825,0.123711448860711,1.77679381060053,0.346760210473709,20.1027484753006,0.017249393081735,"0.006875"
"247",44,15.9265233474289,0.194991181407154,2.33541219638897,0.106421291467957,1.7655895322096,0.301412472875112,20.3289375489026,0.0148267695815408,"0.006875"
"248",45,16.2617441076197,0.170885712413687,2.29076351251479,0.0915145959281752,1.75359074053668,0.262400308341862,20.568498669013,0.0127573875256717,"0.006875"
"249",46,16.6036243658858,0.150114082505643,2.24690453490252,0.0786742123372387,1.74093058101817,0.228788294842882,20.8202477766494,0.0109887402540654,"0.006875"
"250",47,16.9518574393528,0.132164402611445,2.20382232424302,0.0676221812844688,1.72772411796787,0.199786583895914,21.0831904654596,0.00947610771828971,"0.006875"
"251",48,17.3061893062175,0.116611427768053,2.16150453795777,0.0581156582864614,1.71407060880359,0.174727086054515,21.3564915390334,0.00818145085934012,"0.006875"
"252",49,17.6664111617519,0.103100665395982,2.11993938194489,0.0499430582110474,1.70005553086446,0.15304372360703,21.6394497981683,0.00707244061353096,"0.006875"
"253",50,18.0323531573086,0.0913355715650497,2.07911554682666,0.0429204686303208,1.68575237851407,0.13425604019537,21.9314771228447,0.00612161412764689,"0.006875"
"254",51,18.4038791135949,0.0810672119525009,2.03902213843579,0.0368883610336689,1.67122424843327,0.11795557298617,22.2320810734502,0.00530564694310304,"0.006875"
"255",52,18.7808820405483,0.0720858932959679,1.99964860880844,0.031708608408831,1.65652523220081,0.103794501704799,22.5408503832624,0.00460472874536584,"0.006875"
"256",53,19.1632803291574,0.0642143749005198,1.9609846911791,0.0272618033829435,1.64170163557478,0.0914761782834633,22.8574428341947,0.00400203027727209,"0.006875"
"257",54,19.5510145077313,0.0573023543741024,1.92302034149945,0.0234448656927761,1.62679304185869,0.0807472200668785,23.1815751111563,0.0034832499379224,"0.006875"
"258",55,19.9440444622916,0.0512219589938152,1.88574568783184,0.0201689169369343,1.61183323880492,0.0713908759307494,23.5130142648591,0.00303622815546219,"0.006875"
"259",56,20.3423470515055,0.0458640423572647,1.84915098730816,0.0173574033870563,1.59685102462267,0.063221445744321,23.8515705091806,0.00265061982899561,"0.006875"
"260",57,20.7459140753365,0.0411351832463979,1.81322659051519,0.0149444519758883,1.58187090276501,0.0560796352222862,24.1970912038389,0.00231761887203157,"0.006875"
"261",58,21.1547505116547,0.0369551914330642,1.77796291424848,0.0128734264884741,1.56691368533304,0.0498286179215383,24.5494557291578,0.0020297239365008,"0.006875"
"262",59,21.5688729950119,0.0332550428190393,1.74335042054468,0.0110956663215878,1.55199701475724,0.0443507091406271,24.9085711394544,0.00178054007563593,"0.006875"
"263",60,21.9883085068762,0.0299751739276787,1.70937960110028,0.00956938925648876,1.53713581325984,0.0395445631841675,25.2743684844205,0.00156461132583959,"0.006875"
"264",61,22.4130932403245,0.0270640609463253,1.67604096704892,0.00825873826851855,1.52234267021748,0.0353227992148439,25.6467996768057,0.00137727902350284,"0.006875"
"265",62,22.8432716165523,0.0244770335392181,1.6433250429371,0.00713295525683094,1.50762817557025,0.0316099887960491,26.0258348238557,0.00121456195391953,"0.006875"
"266",63,23.2788954318015,0.0221752810857341,1.61122236418667,0.00616566608152545,1.49300120653359,0.0283409471672596,26.411459949689,0.00107305492468974,"0.006875"
"267",64,23.7200231164055,0.020125017008231,1.5797234774252,0.00533426290482908,1.47846917395815,0.0254592799130601,26.8036750477019,0.000949842880416613,"0.006875"
"268",65,24.1667190908941,0.0182967738940395,1.54881894304556,0.00461937133400282,1.46403823386162,0.0229161452280424,27.2024924130293,0.000842428145189598,"0.006875"
"269",66,24.6190532060429,0.0166648069547094,1.51849933948297,0.00400439129597925,1.4497134689423,0.0206691982506887,27.6079352127188,0.000748668746555392,"0.006875"
"270",67,25.0771002557176,0.015206587591044,1.48875526875828,0.00347510187517468,1.435499044248,0.0186816894662187,28.0200362581901,0.00066672609892709,"0.006875"
"271",68,25.5409395529566,0.0139023721737837,1.45957736290367,0.00301932152906267,1.42139834061689,0.0169216937028464,28.43883695018,0.000595020595690685,"0.006875"
"272",69,26.0106545610644,0.0127348338108764,1.43095629095385,0.00262661617119294,1.40741406901673,0.0153614499820694,28.8643863710171,0.000532193887118068,"0.006875"
"273",70,26.4863325726349,0.0116887470492169,1.40288276624095,0.00228804856618247,1.3935483684822,0.0139767956153994,29.2967405029734,0.000477076813851726,"0.006875"
"274",71,26.9680644303882,0.0107507172112362,1.37534755378224,0.00199596333197941,1.37980288997808,0.0127466805432156,29.7359615546918,0.000428662127497418,"0.006875"
"275",72,27.4559442845305,0.00990894749077452,1.34834147759357,0.00174380259696597,1.36617886819277,0.0116527500877405,30.1821173804046,0.00038608126596532,"0.006875"
"276",73,27.9500693820478,0.00915303809474389,1.32185542779919,0.00152594802064704,1.35267718298671,0.0106789861153909,30.6352809789491,0.000348584565708046,"0.006875"
"277",74,28.4505398839505,0.00847381266576114,1.29588036744071,0.00133758546671501,1.3392984119776,0.00981139813247616,31.0955300615013,0.000315524389295536,"0.006875"
"278",75,28.9574587069997,0.0078631679993364,1.2704073389148,0.00117458912393831,1.3260428755354,0.00903775712327471,31.5629466785731,0.000286340727794281,"0.006875"
"279",76,29.4709313868577,0.0073139436779922,1.24542746999334,0.00103342228774658,1.31291067528815,0.00834736596573878,32.037616898105,0.000260548903880317,"0.006875"
"280",77,29.9910659601534,0.00681980891121763,1.22093197939328,0.000911052519056989,1.2999017270384,0.00773086143027462,32.5196305280153,0.000237729067174197,"0.006875"
"281",78,30.5179728621125,0.00637516308663391,1.19691218192144,0.000804878337314059,1.28701578920395,0.00718004142394797,33.0090808746618,0.000217517156906343,"0.006875"
"282",79,31.0517648418595,0.00597505198748264,1.17335949300337,0.000712668723823543,1.27425248629547,0.00668772071130618,33.5060645418696,0.000199597320746193,"0.006875"
"283",80,31.5925568871034,0.00561509337650049,1.15026543290464,0.000632509440384314,1.26161132971956,0.0062476028168848,34.0106812525445,0.000183695315318548,"0.006875"
"284",81,32.140466159066,0.00529140996965693,1.12762163054848,0.000562756149934507,1.24909173597612,0.00585416611959144,34.5230336917102,0.000169572760374103,"0.006875"
"285",82,32.6956119402283,0.0050005730993272,1.10541982680802,0.000501996634441089,1.23669304136058,0.00550256973376829,35.0432273781307,0.000157022344842652,"0.006875"
"286",83,33.2581155892902,0.00473955352406986,1.08365187740703,0.000449017516808054,1.22441451488617,0.00518857104087792,35.5713705526242,0.000145863680827309,"0.006875"
"287",84,33.8281005034288,0.00450567850293275,1.06230975545288,0.000402775745301636,1.21225536936483,0.00490845424823438,36.1075740824947,0.000135939740427315,"0.006875"
"288",85,34.405692086906,0.00429659431673861,1.04138555364761,0.000362374318860873,1.20021477085644,0.00465896863559948,36.6519513800457,0.000127113795041646,"0.006875"
"289",86,34.9910177251087,0.00411023383622812,1.0208714861835,0.000327041490346226,1.18829184676807,0.00443727532657435,37.2046183333869,0.000119266787978104,"0.006875"
"290",87,35.5842067631794,0.00394478851852406,1.00075989036467,0.000296112982606626,1.17648569278668,0.00424090150113069,37.7656932478319,0.000112295078851072,"0.006875"
"291",88,36.185390488454,0.00379868436732288,0.981043227990191,0.000269016782562675,1.16479537881333,0.00406770114988556,38.3352967964074,0.000106108508080385,"0.006875"
"292",89,36.7947021159725,0.00367056148597151,0.961714086532745,0.000245260133641532,1.15321995404529,0.00391582161961305,38.9135519781701,0.00010062873781889,"0.006875"
"293",90,37.4122767763505,0.00355925690754659,0.942765180150146,0.000224418410418165,1.14175845132869,0.00378367531796475,39.5005840831473,9.5787832149526e-05,"0.006875"
"294",91,38.0382515000453,0.00346378997980173,0.924189350211002,0.000206125463389284,1.13040989091309,0.00366991544319102,40.0965206566126,9.1527029854292e-05,"0.006875"
"295",92,38.6727652547294,0.0033833551922091,0.905979569292635,0.000190066592954809,1.11917328346747,0.00357342178516391,40.7014915292746,8.77958436140778e-05,"0.006875"
"296",93,39.3159588655676,0.00331730754410161,0.88812893718964,0.000175969682387813,1.10804763317677,0.00349327722648943,41.3156287131605,8.4550987974599e-05,"0.006875"
"297",94,39.9679750004393,0.0032651562486958,0.870630681196562,0.00016359951372829,1.09703193996354,0.00342875576242409,41.9390663773618,8.17556531080743e-05,"0.006875"
"298",95,40.6289582105595,0.00322656545138416,0.853478160461829,0.000152754079912249,1.08612520126246,0.00337931953129641,42.571940891815,7.93790337134035e-05,"0.006875"
"299",96,41.2990548447951,0.00320134812796775,0.836664861688201,0.000143258884880143,1.07532641385063,0.00334460701284789,43.2143907273468,7.73956766844191e-05,"0.006875"
"300",97,41.9784131556839,0.00318947819702871,0.820184408825944,0.000134965030220535,1.0646345753299,0.00332444322724925,43.866556583067,7.57853701362218e-05,"0.006875"
"301",98,42.6671832800384,0.00319109659409741,0.804030564794534,0.000127745706469137,1.05404868556951,0.00331884230056655,44.528581372703,7.45328550395066e-05,"0.006875"
"302",99,43.3655170520397,0.003206507022287,0.788197221456913,0.000121491079471698,1.04356774784193,0.0033279981017587,45.2006100194403,7.36272829133802e-05,"0.006875"
"303",100,44.0735680662065,0.00323619566965852,0.772678408502272,0.000116108132577309,1.03319076955404,0.00335230380223583,45.8827895480651,7.30623363412568e-05,"0.006875"
"304",0,99,1,0,0,0,1,100,0.01,NA
"305",1,NA,NA,NA,NA,NA,NA,NA,NA,NA
"306",2,NA,NA,NA,NA,NA,NA,NA,NA,NA
"307",3,NA,NA,NA,NA,NA,NA,NA,NA,NA
"308",4,NA,NA,NA,NA,NA,NA,NA,NA,NA
"309",5,NA,NA,NA,NA,NA,NA,NA,NA,NA
"310",6,NA,NA,NA,NA,NA,NA,NA,NA,NA
"311",7,NA,NA,NA,NA,NA,NA,NA,NA,NA
"312",8,NA,NA,NA,NA,NA,NA,NA,NA,NA
"313",9,NA,NA,NA,NA,NA,NA,NA,NA,NA
"314",10,NA,NA,NA,NA,NA,NA,NA,NA,NA
"315",11,NA,NA,NA,NA,NA,NA,NA,NA,NA
"316",12,NA,NA,NA,NA,NA,NA,NA,NA,NA
"317",13,NA,NA,NA,NA,NA,NA,NA,NA,NA
"318",14,NA,NA,NA,NA,NA,NA,NA,NA,NA
"319",15,NA,NA,NA,NA,NA,NA,NA,NA,NA
"320",16,NA,NA,NA,NA,NA,NA,NA,NA,NA
"321",17,NA,NA,NA,NA,NA,NA,NA,NA,NA
"322",18,NA,NA,NA,NA,NA,NA,NA,NA,NA
"323",19,NA,NA,NA,NA,NA,NA,NA,NA,NA
"324",20,NA,NA,NA,NA,NA,NA,NA,NA,NA
"325",21,NA,NA,NA,NA,NA,NA,NA,NA,NA
"326",22,NA,NA,NA,NA,NA,NA,NA,NA,NA
"327",23,NA,NA,NA,NA,NA,NA,NA,NA,NA
"328",24,NA,NA,NA,NA,NA,NA,NA,NA,NA
"329",25,NA,NA,NA,NA,NA,NA,NA,NA,NA
"330",26,NA,NA,NA,NA,NA,NA,NA,NA,NA
"331",27,NA,NA,NA,NA,NA,NA,NA,NA,NA
"332",28,NA,NA,NA,NA,NA,NA,NA,NA,NA
"333",29,NA,NA,NA,NA,NA,NA,NA,NA,NA
"334",30,NA,NA,NA,NA,NA,NA,NA,NA,NA
"335",31,NA,NA,NA,NA,NA,NA,NA,NA,NA
"336",32,NA,NA,NA,NA,NA,NA,NA,NA,NA
"337",33,NA,NA,NA,NA,NA,NA,NA,NA,NA
"338",34,NA,NA,NA,NA,NA,NA,NA,NA,NA
"339",35,NA,NA,NA,NA,NA,NA,NA,NA,NA
"340",36,NA,NA,NA,NA,NA,NA,NA,NA,NA
"341",37,NA,NA,NA,NA,NA,NA,NA,NA,NA
"342",38,NA,NA,NA,NA,NA,NA,NA,NA,NA
"343",39,NA,NA,NA,NA,NA,NA,NA,NA,NA
"344",40,NA,NA,NA,NA,NA,NA,NA,NA,NA
"345",41,NA,NA,NA,NA,NA,NA,NA,NA,NA
"346",42,NA,NA,NA,NA,NA,NA,NA,NA,NA
"347",43,NA,NA,NA,NA,NA,NA,NA,NA,NA
"348",44,NA,NA,NA,NA,NA,NA,NA,NA,NA
"349",45,NA,NA,NA,NA,NA,NA,NA,NA,NA
"350",46,NA,NA,NA,NA,NA,NA,NA,NA,NA
"351",47,NA,NA,NA,NA,NA,NA,NA,NA,NA
"352",48,NA,NA,NA,NA,NA,NA,NA,NA,NA
"353",49,NA,NA,NA,NA,NA,NA,NA,NA,NA
"354",50,NA,NA,NA,NA,NA,NA,NA,NA,NA
"355",51,NA,NA,NA,NA,NA,NA,NA,NA,NA
"356",52,NA,NA,NA,NA,NA,NA,NA,NA,NA
"357",53,NA,NA,NA,NA,NA,NA,NA,NA,NA
"358",54,NA,NA,NA,NA,NA,NA,NA,NA,NA
"359",55,NA,NA,NA,NA,NA,NA,NA,NA,NA
"360",56,NA,NA,NA,NA,NA,NA,NA,NA,NA
"361",57,NA,NA,NA,NA,NA,NA,NA,NA,NA
"362",58,NA,NA,NA,NA,NA,NA,NA,NA,NA
"363",59,NA,NA,NA,NA,NA,NA,NA,NA,NA
"364",60,NA,NA,NA,NA,NA,NA,NA,NA,NA
"365",61,NA,NA,NA,NA,NA,NA,NA,NA,NA
"366",62,NA,NA,NA,NA,NA,NA,NA,NA,NA
"367",63,NA,NA,NA,NA,NA,NA,NA,NA,NA
"368",64,NA,NA,NA,NA,NA,NA,NA,NA,NA
"369",65,NA,NA,NA,NA,NA,NA,NA,NA,NA
"370",66,NA,NA,NA,NA,NA,NA,NA,NA,NA
"371",67,NA,NA,NA,NA,NA,NA,NA,NA,NA
"372",68,NA,NA,NA,NA,NA,NA,NA,NA,NA
"373",69,NA,NA,NA,NA,NA,NA,NA,NA,NA
"374",70,NA,NA,NA,NA,NA,NA,NA,NA,NA
"375",71,NA,NA,NA,NA,NA,NA,NA,NA,NA
"376",72,NA,NA,NA,NA,NA,NA,NA,NA,NA
"377",73,NA,NA,NA,NA,NA,NA,NA,NA,NA
"378",74,NA,NA,NA,NA,NA,NA,NA,NA,NA
"379",75,NA,NA,NA,NA,NA,NA,NA,NA,NA
"380",76,NA,NA,NA,NA,NA,NA,NA,NA,NA
"381",77,NA,NA,NA,NA,NA,NA,NA,NA,NA
"382",78,NA,NA,NA,NA,NA,NA,NA,NA,NA
"383",79,NA,NA,NA,NA,NA,NA,NA,NA,NA
"384",80,NA,NA,NA,NA,NA,NA,NA,NA,NA
"385",81,NA,NA,NA,NA,NA,NA,NA,NA,NA
"386",82,NA,NA,NA,NA,NA,NA,NA,NA,NA
"387",83,NA,NA,NA,NA,NA,NA,NA,NA,NA
"388",84,NA,NA,NA,NA,NA,NA,NA,NA,NA
"389",85,NA,NA,NA,NA,NA,NA,NA,NA,NA
"390",86,NA,NA,NA,NA,NA,NA,NA,NA,NA
"391",87,NA,NA,NA,NA,NA,NA,NA,NA,NA
"392",88,NA,NA,NA,NA,NA,NA,NA,NA,NA
"393",89,NA,NA,NA,NA,NA,NA,NA,NA,NA
"394",90,NA,NA,NA,NA,NA,NA,NA,NA,NA
"395",91,NA,NA,NA,NA,NA,NA,NA,NA,NA
"396",92,NA,NA,NA,NA,NA,NA,NA,NA,NA
"397",93,NA,NA,NA,NA,NA,NA,NA,NA,NA
"398",94,NA,NA,NA,NA,NA,NA,NA,NA,NA
"399",95,NA,NA,NA,NA,NA,NA,NA,NA,NA
"400",96,NA,NA,NA,NA,NA,NA,NA,NA,NA
"401",97,NA,NA,NA,NA,NA,NA,NA,NA,NA
"402",98,NA,NA,NA,NA,NA,NA,NA,NA,NA
"403",99,NA,NA,NA,NA,NA,NA,NA,NA,NA
"404",100,NA,NA,NA,NA,NA,NA,NA,NA,NA
"405",0,99,1,0,0,0,1,100,0.01,NA
"406",1,NA,NA,NA,NA,NA,NA,NA,NA,NA
"407",2,NA,NA,NA,NA,NA,NA,NA,NA,NA
"408",3,NA,NA,NA,NA,NA,NA,NA,NA,NA
"409",4,NA,NA,NA,NA,NA,NA,NA,NA,NA
"410",5,NA,NA,NA,NA,NA,NA,NA,NA,NA
"411",6,NA,NA,NA,NA,NA,NA,NA,NA,NA
"412",7,NA,NA,NA,NA,NA,NA,NA,NA,NA
"413",8,NA,NA,NA,NA,NA,NA,NA,NA,NA
"414",9,NA,NA,NA,NA,NA,NA,NA,NA,NA
"415",10,NA,NA,NA,NA,NA,NA,NA,NA,NA
"416",11,NA,NA,NA,NA,NA,NA,NA,NA,NA
"417",12,NA,NA,NA,NA,NA,NA,NA,NA,NA
"418",13,NA,NA,NA,NA,NA,NA,NA,NA,NA
"419",14,NA,NA,NA,NA,NA,NA,NA,NA,NA
"420",15,NA,NA,NA,NA,NA,NA,NA,NA,NA
"421",16,NA,NA,NA,NA,NA,NA,NA,NA,NA
"422",17,NA,NA,NA,NA,NA,NA,NA,NA,NA
"423",18,NA,NA,NA,NA,NA,NA,NA,NA,NA
"424",19,NA,NA,NA,NA,NA,NA,NA,NA,NA
"425",20,NA,NA,NA,NA,NA,NA,NA,NA,NA
"426",21,NA,NA,NA,NA,NA,NA,NA,NA,NA
"427",22,NA,NA,NA,NA,NA,NA,NA,NA,NA
"428",23,NA,NA,NA,NA,NA,NA,NA,NA,NA
"429",24,NA,NA,NA,NA,NA,NA,NA,NA,NA
"430",25,NA,NA,NA,NA,NA,NA,NA,NA,NA
"431",26,NA,NA,NA,NA,NA,NA,NA,NA,NA
"432",27,NA,NA,NA,NA,NA,NA,NA,NA,NA
"433",28,NA,NA,NA,NA,NA,NA,NA,NA,NA
"434",29,NA,NA,NA,NA,NA,NA,NA,NA,NA
"435",30,NA,NA,NA,NA,NA,NA,NA,NA,NA
"436",31,NA,NA,NA,NA,NA,NA,NA,NA,NA
"437",32,NA,NA,NA,NA,NA,NA,NA,NA,NA
"438",33,NA,NA,NA,NA,NA,NA,NA,NA,NA
"439",34,NA,NA,NA,NA,NA,NA,NA,NA,NA
"440",35,NA,NA,NA,NA,NA,NA,NA,NA,NA
"441",36,NA,NA,NA,NA,NA,NA,NA,NA,NA
"442",37,NA,NA,NA,NA,NA,NA,NA,NA,NA
"443",38,NA,NA,NA,NA,NA,NA,NA,NA,NA
"444",39,NA,NA,NA,NA,NA,NA,NA,NA,NA
"445",40,NA,NA,NA,NA,NA,NA,NA,NA,NA
"446",41,NA,NA,NA,NA,NA,NA,NA,NA,NA
"447",42,NA,NA,NA,NA,NA,NA,NA,NA,NA
"448",43,NA,NA,NA,NA,NA,NA,NA,NA,NA
"449",44,NA,NA,NA,NA,NA,NA,NA,NA,NA
"450",45,NA,NA,NA,NA,NA,NA,NA,NA,NA
"451",46,NA,NA,NA,NA,NA,NA,NA,NA,NA
"452",47,NA,NA,NA,NA,NA,NA,NA,NA,NA
"453",48,NA,NA,NA,NA,NA,NA,NA,NA,NA
"454",49,NA,NA,NA,NA,NA,NA,NA,NA,NA
"455",50,NA,NA,NA,NA,NA,NA,NA,NA,NA
"456",51,NA,NA,NA,NA,NA,NA,NA,NA,NA
"457",52,NA,NA,NA,NA,NA,NA,NA,NA,NA
"458",53,NA,NA,NA,NA,NA,NA,NA,NA,NA
"459",54,NA,NA,NA,NA,NA,NA,NA,NA,NA
"460",55,NA,NA,NA,NA,NA,NA,NA,NA,NA
"461",56,NA,NA,NA,NA,NA,NA,NA,NA,NA
"462",57,NA,NA,NA,NA,NA,NA,NA,NA,NA
"463",58,NA,NA,NA,NA,NA,NA,NA,NA,NA
"464",59,NA,NA,NA,NA,NA,NA,NA,NA,NA
"465",60,NA,NA,NA,NA,NA,NA,NA,NA,NA
"466",61,NA,NA,NA,NA,NA,NA,NA,NA,NA
"467",62,NA,NA,NA,NA,NA,NA,NA,NA,NA
"468",63,NA,NA,NA,NA,NA,NA,NA,NA,NA
"469",64,NA,NA,NA,NA,NA,NA,NA,NA,NA
"470",65,NA,NA,NA,NA,NA,NA,NA,NA,NA
"471",66,NA,NA,NA,NA,NA,NA,NA,NA,NA
"472",67,NA,NA,NA,NA,NA,NA,NA,NA,NA
"473",68,NA,NA,NA,NA,NA,NA,NA,NA,NA
"474",69,NA,NA,NA,NA,NA,NA,NA,NA,NA
"475",70,NA,NA,NA,NA,NA,NA,NA,NA,NA
"476",71,NA,NA,NA,NA,NA,NA,NA,NA,NA
"477",72,NA,NA,NA,NA,NA,NA,NA,NA,NA
"478",73,NA,NA,NA,NA,NA,NA,NA,NA,NA
"479",74,NA,NA,NA,NA,NA,NA,NA,NA,NA
"480",75,NA,NA,NA,NA,NA,NA,NA,NA,NA
"481",76,NA,NA,NA,NA,NA,NA,NA,NA,NA
"482",77,NA,NA,NA,NA,NA,NA,NA,NA,NA
"483",78,NA,NA,NA,NA,NA,NA,NA,NA,NA
"484",79,NA,NA,NA,NA,NA,NA,NA,NA,NA
"485",80,NA,NA,NA,NA,NA,NA,NA,NA,NA
"486",81,NA,NA,NA,NA,NA,NA,NA,NA,NA
"487",82,NA,NA,NA,NA,NA,NA,NA,NA,NA
"488",83,NA,NA,NA,NA,NA,NA,NA,NA,NA
"489",84,NA,NA,NA,NA,NA,NA,NA,NA,NA
"490",85,NA,NA,NA,NA,NA,NA,NA,NA,NA
"491",86,NA,NA,NA,NA,NA,NA,NA,NA,NA
"492",87,NA,NA,NA,NA,NA,NA,NA,NA,NA
"493",88,NA,NA,NA,NA,NA,NA,NA,NA,NA
"494",89,NA,NA,NA,NA,NA,NA,NA,NA,NA
"495",90,NA,NA,NA,NA,NA,NA,NA,NA,NA
"496",91,NA,NA,NA,NA,NA,NA,NA,NA,NA
"497",92,NA,NA,NA,NA,NA,NA,NA,NA,NA
"498",93,NA,NA,NA,NA,NA,NA,NA,NA,NA
"499",94,NA,NA,NA,NA,NA,NA,NA,NA,NA
"500",95,NA,NA,NA,NA,NA,NA,NA,NA,NA
"501",96,NA,NA,NA,NA,NA,NA,NA,NA,NA
"502",97,NA,NA,NA,NA,NA,NA,NA,NA,NA
"503",98,NA,NA,NA,NA,NA,NA,NA,NA,NA
"504",99,NA,NA,NA,NA,NA,NA,NA,NA,NA
"505",100,NA,NA,NA,NA,NA,NA,NA,NA,NA
